Section | Team | Name | Email | Comments
Section 1 | Team 1 | Jeannette Williams | jeannette.williams.tmms@gmail.tmt | 
Section 1 | Team 1 | Michael Wade | michael.wade.tmms@gmail.tmt | 
Section 1 | Team 1 | Joanna Porche | joanna.porche.tmms@gmail.tmt | 
Section 1 | Team 1 | Emily Patterson | emily.patterson.tmms@gmail.tmt | 
Section 1 | Team 1 | Christopher Poynter | christopher.poynter.tmms@gmail.tmt | 
Section 1 | Team 1 | Charles Bailey | charles.bailey.tmms@gmail.tmt | 
Section 1 | Team 1 | Elizabeth Bolanos | elizabeth.bolanos.tmms@gmail.tmt | 
Section 1 | Team 1 | Joseph Yates | joseph.yates.tmms@gmail.tmt | 
Section 1 | Team 1 | Vicky Mckain | vicky.mckain.tmms@gmail.tmt | 
Section 1 | Team 1 | Harold Sanders | harold.sanders.tmms@gmail.tmt | 
Section 1 | Team 1 | Jared Boettcher | jared.boettcher.tmms@gmail.tmt | 
Section 1 | Team 1 | Martha Castillo | martha.castillo.tmms@gmail.tmt | 
Section 1 | Team 1 | Kyle Frahm | kyle.frahm.tmms@gmail.tmt | 
Section 1 | Team 1 | Ariel Wittstock | ariel.wittstock.tmms@gmail.tmt | 
Section 1 | Team 1 | Mickey Gamble | mickey.gamble.tmms@gmail.tmt | 
Section 1 | Team 1 | Gary Thomas | gary.thomas.tmms@gmail.tmt | 
Section 1 | Team 1 | Kenneth Munoz | kenneth.munoz.tmms@gmail.tmt | 
Section 1 | Team 1 | Ed Mitchell | ed.mitchell.tmms@gmail.tmt | 
Section 1 | Team 1 | Rita Seiler | rita.seiler.tmms@gmail.tmt | 
Section 1 | Team 1 | Eva Dergance | eva.dergance.tmms@gmail.tmt | 
Section 1 | Team 1 | Anna Offield | anna.offield.tmms@gmail.tmt | 
Section 1 | Team 1 | Angie Tyrrell | angie.tyrrell.tmms@gmail.tmt | 
Section 1 | Team 1 | Christopher Leverett | christopher.leverett.tmms@gmail.tmt | 
Section 1 | Team 1 | Linda Adams | linda.adams.tmms@gmail.tmt | 
Section 1 | Team 1 | James Hibner | james.hibner.tmms@gmail.tmt | 
Section 1 | Team 1 | Maria Olea | maria.olea.tmms@gmail.tmt | 
Section 1 | Team 1 | Andrea Walker | andrea.walker.tmms@gmail.tmt | 
Section 1 | Team 1 | Marvin Smothers | marvin.smothers.tmms@gmail.tmt | 
Section 1 | Team 1 | William Crigger | william.crigger.tmms@gmail.tmt | 
Section 1 | Team 1 | John Vaughn | john.vaughn.tmms@gmail.tmt | 
Section 1 | Team 1 | Lillian Leversee | lillian.leversee.tmms@gmail.tmt | 
Section 1 | Team 1 | Andrew Mills | andrew.mills.tmms@gmail.tmt | 
Section 1 | Team 1 | Eric Santos | eric.santos.tmms@gmail.tmt | 
Section 1 | Team 1 | Alison Crossno | alison.crossno.tmms@gmail.tmt | 
Section 1 | Team 1 | Valerie Burris | valerie.burris.tmms@gmail.tmt | 
Section 1 | Team 1 | Richard Clayton | richard.clayton.tmms@gmail.tmt | 
Section 1 | Team 1 | William Sullivan | william.sullivan.tmms@gmail.tmt | 
Section 1 | Team 1 | William Gallagher | william.gallagher.tmms@gmail.tmt | 
Section 1 | Team 1 | Marian Goins | marian.goins.tmms@gmail.tmt | 
Section 1 | Team 1 | Dan Beatty | dan.beatty.tmms@gmail.tmt | 
Section 1 | Team 1 | Beau Westin | beau.westin.tmms@gmail.tmt | 
Section 1 | Team 1 | Miriam Ashby | miriam.ashby.tmms@gmail.tmt | 
Section 1 | Team 1 | Joan Tunnell | joan.tunnell.tmms@gmail.tmt | 
Section 1 | Team 1 | Marleen Ward | marleen.ward.tmms@gmail.tmt | 
Section 1 | Team 1 | Robert Balasco | robert.balasco.tmms@gmail.tmt | 
Section 1 | Team 1 | Robert Johnson | robert.johnson.tmms@gmail.tmt | 
Section 1 | Team 1 | David Britton | david.britton.tmms@gmail.tmt | 
Section 1 | Team 1 | Mark Richardson | mark.richardson.tmms@gmail.tmt | 
Section 1 | Team 1 | Glenda Martin | glenda.martin.tmms@gmail.tmt | 
Section 1 | Team 1 | Nick Valentine | nick.valentine.tmms@gmail.tmt | 
Section 1 | Team 1 | James Castrey | james.castrey.tmms@gmail.tmt | 
Section 1 | Team 1 | William Farmer | william.farmer.tmms@gmail.tmt | 
Section 1 | Team 1 | Phyllis Betz | phyllis.betz.tmms@gmail.tmt | 
Section 1 | Team 1 | Paul Lacefield | paul.lacefield.tmms@gmail.tmt | 
Section 1 | Team 1 | Jonathan Solis | jonathan.solis.tmms@gmail.tmt | 
Section 1 | Team 1 | Lauren Bowling | lauren.bowling.tmms@gmail.tmt | 
Section 1 | Team 1 | Edwina Noonan | edwina.noonan.tmms@gmail.tmt | 
Section 1 | Team 1 | Kristel Wayne | kristel.wayne.tmms@gmail.tmt | 
Section 1 | Team 1 | Lisa Fuller | lisa.fuller.tmms@gmail.tmt | 
Section 1 | Team 1 | Steve Anthony | steve.anthony.tmms@gmail.tmt | 
Section 1 | Team 1 | Gerard Leblanc | gerard.leblanc.tmms@gmail.tmt | 
Section 1 | Team 1 | Larry Parsons | larry.parsons.tmms@gmail.tmt | 
Section 1 | Team 1 | Giovanni Espinoza | giovanni.espinoza.tmms@gmail.tmt | 
Section 1 | Team 1 | Ellen Abbey | ellen.abbey.tmms@gmail.tmt | 
Section 1 | Team 1 | Sherri Malone | sherri.malone.tmms@gmail.tmt | 
Section 1 | Team 1 | Tara Griffith | tara.griffith.tmms@gmail.tmt | 
Section 1 | Team 1 | Richard Macias | richard.macias.tmms@gmail.tmt | 
Section 1 | Team 1 | Daniel Klein | daniel.klein.tmms@gmail.tmt | 
Section 1 | Team 1 | Sherri Perry | sherri.perry.tmms@gmail.tmt | 
Section 1 | Team 1 | Randy Perryman | randy.perryman.tmms@gmail.tmt | 
Section 1 | Team 1 | Timothy Martinez | timothy.martinez.tmms@gmail.tmt | 
Section 1 | Team 1 | Vincent Garson | vincent.garson.tmms@gmail.tmt | 
Section 1 | Team 1 | Sheryl Newman | sheryl.newman.tmms@gmail.tmt | 
Section 1 | Team 1 | Mark Turberville | mark.turberville.tmms@gmail.tmt | 
Section 1 | Team 1 | Jillian Pimentel | jillian.pimentel.tmms@gmail.tmt | 
Section 1 | Team 1 | Kristin Haven | kristin.haven.tmms@gmail.tmt | 
Section 1 | Team 1 | Todd Slagle | todd.slagle.tmms@gmail.tmt | 
Section 1 | Team 1 | Lori Brennan | lori.brennan.tmms@gmail.tmt | 
Section 1 | Team 1 | Barbara Sable | barbara.sable.tmms@gmail.tmt | 
Section 1 | Team 1 | Carol Stancil | carol.stancil.tmms@gmail.tmt | 
Section 1 | Team 1 | Audrey Murdock | audrey.murdock.tmms@gmail.tmt | 
Section 1 | Team 1 | Teddy Wolf | teddy.wolf.tmms@gmail.tmt | 
Section 1 | Team 1 | Lucinda Kaiser | lucinda.kaiser.tmms@gmail.tmt | 
Section 1 | Team 1 | Greg Kaywood | greg.kaywood.tmms@gmail.tmt | 
Section 1 | Team 1 | Alicia Beasley | alicia.beasley.tmms@gmail.tmt | 
Section 1 | Team 1 | Linda Mcdonald | linda.mcdonald.tmms@gmail.tmt | 
Section 1 | Team 1 | Lois Cunningham | lois.cunningham.tmms@gmail.tmt | 
Section 1 | Team 1 | Vikki Klemm | vikki.klemm.tmms@gmail.tmt | 
Section 1 | Team 1 | Stephen Smith | stephen.smith.tmms@gmail.tmt | 
Section 1 | Team 1 | Douglas Ovellette | douglas.ovellette.tmms@gmail.tmt | 
Section 1 | Team 1 | Katherine King | katherine.king.tmms@gmail.tmt | 
Section 1 | Team 1 | Brandy Aslam | brandy.aslam.tmms@gmail.tmt | 
Section 1 | Team 1 | Mark Whyte | mark.whyte.tmms@gmail.tmt | 
Section 1 | Team 1 | Joseph Rodriguez | joseph.rodriguez.tmms@gmail.tmt | 
Section 1 | Team 1 | Nancy Hoopes | nancy.hoopes.tmms@gmail.tmt | 
Section 1 | Team 1 | Raymond Wilkison | raymond.wilkison.tmms@gmail.tmt | 
Section 1 | Team 1 | Robert Taylor | robert.taylor.tmms@gmail.tmt | 
Section 1 | Team 1 | Philip Propheter | philip.propheter.tmms@gmail.tmt | 
Section 1 | Team 1 | Lesia Toti | lesia.toti.tmms@gmail.tmt | 
Section 1 | Team 1 | Mary Ervin | mary.ervin.tmms@gmail.tmt | 
Section 2 | Team 2 | Terri Gibson | terri.gibson.tmms@gmail.tmt | 
Section 2 | Team 2 | Dwight Velazquez | dwight.velazquez.tmms@gmail.tmt | 
Section 2 | Team 2 | Gary Ray | gary.ray.tmms@gmail.tmt | 
Section 2 | Team 2 | Billy Knowlton | billy.knowlton.tmms@gmail.tmt | 
Section 2 | Team 2 | David Mosher | david.mosher.tmms@gmail.tmt | 
Section 2 | Team 2 | Linda Young | linda.young.tmms@gmail.tmt | 
Section 2 | Team 2 | Fermin Coffield | fermin.coffield.tmms@gmail.tmt | 
Section 2 | Team 2 | Carol Patino | carol.patino.tmms@gmail.tmt | 
Section 2 | Team 2 | Donnie Veenstra | donnie.veenstra.tmms@gmail.tmt | 
Section 2 | Team 2 | Margery Thompson | margery.thompson.tmms@gmail.tmt | 
Section 2 | Team 2 | Ellen Vargas | ellen.vargas.tmms@gmail.tmt | 
Section 2 | Team 2 | Kandi Schiller | kandi.schiller.tmms@gmail.tmt | 
Section 2 | Team 2 | Mary Stumpe | mary.stumpe.tmms@gmail.tmt | 
Section 2 | Team 2 | Henry Smith | henry.smith.tmms@gmail.tmt | 
Section 2 | Team 2 | Carrie Mills | carrie.mills.tmms@gmail.tmt | 
Section 2 | Team 2 | Earlene Tomlinson | earlene.tomlinson.tmms@gmail.tmt | 
Section 2 | Team 2 | John Decamp | john.decamp.tmms@gmail.tmt | 
Section 2 | Team 2 | Charles Cummings | charles.cummings.tmms@gmail.tmt | 
Section 2 | Team 2 | Annette Baldwin | annette.baldwin.tmms@gmail.tmt | 
Section 2 | Team 2 | Leo Likio | leo.likio.tmms@gmail.tmt | 
Section 2 | Team 2 | Veronica Sullivan | veronica.sullivan.tmms@gmail.tmt | 
Section 2 | Team 2 | Mary Miller | mary.miller.tmms@gmail.tmt | 
Section 2 | Team 2 | Thomas Barto | thomas.barto.tmms@gmail.tmt | 
Section 2 | Team 2 | Daphne Allen | daphne.allen.tmms@gmail.tmt | 
Section 2 | Team 2 | Michael Sargent | michael.sargent.tmms@gmail.tmt | 
Section 2 | Team 2 | Nichole Flores | nichole.flores.tmms@gmail.tmt | 
Section 2 | Team 2 | David Camacho | david.camacho.tmms@gmail.tmt | 
Section 2 | Team 2 | Shelton Jennings | shelton.jennings.tmms@gmail.tmt | 
Section 2 | Team 2 | Jeannette Lea | jeannette.lea.tmms@gmail.tmt | 
Section 2 | Team 2 | Jennifer Zavala | jennifer.zavala.tmms@gmail.tmt | 
Section 2 | Team 2 | Joshua Feathers | joshua.feathers.tmms@gmail.tmt | 
Section 2 | Team 2 | Kimberley Garcia | kimberley.garcia.tmms@gmail.tmt | 
Section 2 | Team 2 | Thaddeus Moore | thaddeus.moore.tmms@gmail.tmt | 
Section 2 | Team 2 | Cynthia Ali | cynthia.ali.tmms@gmail.tmt | 
Section 2 | Team 2 | Manuel Anderson | manuel.anderson.tmms@gmail.tmt | 
Section 2 | Team 2 | Marilyn Blanton | marilyn.blanton.tmms@gmail.tmt | 
Section 2 | Team 2 | Byron Kelch | byron.kelch.tmms@gmail.tmt | 
Section 2 | Team 2 | Carey Rigby | carey.rigby.tmms@gmail.tmt | 
Section 2 | Team 2 | Paul Bolebruch | paul.bolebruch.tmms@gmail.tmt | 
Section 2 | Team 2 | Scott Bechtel | scott.bechtel.tmms@gmail.tmt | 
Section 2 | Team 2 | Angela Baker | angela.baker.tmms@gmail.tmt | 
Section 2 | Team 2 | Celeste Koon | celeste.koon.tmms@gmail.tmt | 
Section 2 | Team 2 | Tammy Rowe | tammy.rowe.tmms@gmail.tmt | 
Section 2 | Team 2 | Henry Friend | henry.friend.tmms@gmail.tmt | 
Section 2 | Team 2 | Chad Turkel | chad.turkel.tmms@gmail.tmt | 
Section 2 | Team 2 | Robert Goetz | robert.goetz.tmms@gmail.tmt | 
Section 2 | Team 2 | John Willett | john.willett.tmms@gmail.tmt | 
Section 2 | Team 2 | Kelly Branham | kelly.branham.tmms@gmail.tmt | 
Section 2 | Team 2 | Stephen Brown | stephen.brown.tmms@gmail.tmt | 
Section 2 | Team 2 | Jose Gray | jose.gray.tmms@gmail.tmt | 
