Section | Team | Name | Email | Comments
Section 1 | Team 1 | Elizabeth Pelletier | elizabeth.pelletier.tmms@gmail.tmt | 
Section 1 | Team 1 | Leo Hunter | leo.hunter.tmms@gmail.tmt | 
Section 1 | Team 1 | Mark Calvert | mark.calvert.tmms@gmail.tmt | 
Section 1 | Team 1 | John King | john.king.tmms@gmail.tmt | 
Section 1 | Team 1 | Ruth Hernandez | ruth.hernandez.tmms@gmail.tmt | 
Section 1 | Team 1 | David Diamond | david.diamond.tmms@gmail.tmt | 
Section 1 | Team 1 | Michael Dewald | michael.dewald.tmms@gmail.tmt | 
Section 1 | Team 1 | William Signs | william.signs.tmms@gmail.tmt | 
Section 1 | Team 1 | William Rodriguez | william.rodriguez.tmms@gmail.tmt | 
Section 1 | Team 1 | Mark Dodds | mark.dodds.tmms@gmail.tmt | 
Section 1 | Team 1 | Katlyn Harwood | katlyn.harwood.tmms@gmail.tmt | 
Section 1 | Team 1 | Susan Platt | susan.platt.tmms@gmail.tmt | 
Section 1 | Team 1 | David Lowder | david.lowder.tmms@gmail.tmt | 
Section 1 | Team 1 | Matthew Christian | matthew.christian.tmms@gmail.tmt | 
Section 1 | Team 1 | Virginia King | virginia.king.tmms@gmail.tmt | 
Section 1 | Team 1 | Ismael Brown | ismael.brown.tmms@gmail.tmt | 
Section 1 | Team 1 | Nancy Barnes | nancy.barnes.tmms@gmail.tmt | 
Section 1 | Team 1 | Steven Knoerzer | steven.knoerzer.tmms@gmail.tmt | 
Section 1 | Team 1 | Myrtice Gatton | myrtice.gatton.tmms@gmail.tmt | 
Section 1 | Team 1 | Rebecca Knudson | rebecca.knudson.tmms@gmail.tmt | 
Section 1 | Team 1 | Harold Kolb | harold.kolb.tmms@gmail.tmt | 
Section 1 | Team 1 | Eloise Hays | eloise.hays.tmms@gmail.tmt | 
Section 1 | Team 1 | William Boggs | william.boggs.tmms@gmail.tmt | 
Section 1 | Team 1 | Gussie Tuck | gussie.tuck.tmms@gmail.tmt | 
Section 1 | Team 1 | Sharla Rubio | sharla.rubio.tmms@gmail.tmt | 
Section 1 | Team 1 | Rosetta Dickerson | rosetta.dickerson.tmms@gmail.tmt | 
Section 1 | Team 1 | Alfred Davis | alfred.davis.tmms@gmail.tmt | 
Section 1 | Team 1 | Albert Twombly | albert.twombly.tmms@gmail.tmt | 
Section 1 | Team 1 | Jo Brant | jo.brant.tmms@gmail.tmt | 
Section 1 | Team 1 | Maxwell Green | maxwell.green.tmms@gmail.tmt | 
Section 1 | Team 1 | Sylvia Houseal | sylvia.houseal.tmms@gmail.tmt | 
Section 1 | Team 1 | Javier Ralston | javier.ralston.tmms@gmail.tmt | 
Section 1 | Team 1 | Catherine Jordan | catherine.jordan.tmms@gmail.tmt | 
Section 1 | Team 1 | Stephanie Conroy | stephanie.conroy.tmms@gmail.tmt | 
Section 1 | Team 1 | Catherine Vela | catherine.vela.tmms@gmail.tmt | 
Section 1 | Team 1 | Beverly Stgermain | beverly.stgermain.tmms@gmail.tmt | 
Section 1 | Team 1 | Robert Struck | robert.struck.tmms@gmail.tmt | 
Section 1 | Team 1 | Ricardo Clement | ricardo.clement.tmms@gmail.tmt | 
Section 1 | Team 1 | Justin Russo | justin.russo.tmms@gmail.tmt | 
Section 1 | Team 1 | Roger Nikas | roger.nikas.tmms@gmail.tmt | 
Section 1 | Team 1 | Thomas Karpinski | thomas.karpinski.tmms@gmail.tmt | 
Section 1 | Team 1 | Dorothy Berry | dorothy.berry.tmms@gmail.tmt | 
Section 1 | Team 1 | Cedric Perez | cedric.perez.tmms@gmail.tmt | 
Section 1 | Team 1 | Keith Williams | keith.williams.tmms@gmail.tmt | 
Section 1 | Team 1 | Peter Guinasso | peter.guinasso.tmms@gmail.tmt | 
Section 1 | Team 1 | Margaret Graves | margaret.graves.tmms@gmail.tmt | 
Section 1 | Team 1 | Genevieve Ivey | genevieve.ivey.tmms@gmail.tmt | 
Section 1 | Team 1 | Susan Giordano | susan.giordano.tmms@gmail.tmt | 
Section 1 | Team 1 | Peggy Beyl | peggy.beyl.tmms@gmail.tmt | 
Section 1 | Team 1 | Asha Sanchez | asha.sanchez.tmms@gmail.tmt | 
